Subject,Session,Age,Time,SES,Utterances,Utterances.with.Letters,Age.KG1,WJ.KG1,Parent.input
22,1,1.24,0,0.44834,100,0,505,118,3153
22,2,1.51,0.27,0.44834,423,0,505,118,3153
22,3,1.83,0.59,0.44834,597,0,505,118,3153
22,4,2.18,0.94,0.44834,1714,0,505,118,3153
22,5,2.54,1.3,0.44834,3215,14,505,118,3153
22,6,2.86,1.62,0.44834,3141,19,505,118,3153
22,7,3.17,1.93,0.44834,2640,17,505,118,3153
22,8,3.48,2.24,0.44834,2180,18,505,118,3153
22,9,3.89,2.65,0.44834,2629,0,505,118,3153
22,10,4.2,2.96,0.44834,2469,2,505,118,3153
22,11,4.5,3.26,0.44834,2719,31,505,118,3153
22,12,4.82,3.58,0.44834,1803,0,505,118,3153
24,1,1.21,0,1.26871,56,6,504,161,4083
24,2,1.53,0.32,1.26871,161,0,504,161,4083
24,3,1.88,0.67,1.26871,309,0,504,161,4083
24,4,2.2,0.99,1.26871,661,8,504,161,4083
24,5,2.49,1.28,1.26871,2435,54,504,161,4083
24,6,2.82,1.61,1.26871,2850,45,504,161,4083
24,7,3.2,1.99,1.26871,2232,11,504,161,4083
24,8,3.49,2.28,1.26871,3159,7,504,161,4083
24,9,3.89,2.68,1.26871,3693,48,504,161,4083
24,10,4.2,2.99,1.26871,2773,1,504,161,4083
24,11,4.62,3.41,1.26871,2735,0,504,161,4083
24,12,4.92,3.71,1.26871,3102,29,504,161,4083
25,1,1.2,0,-0.02203,3,0,503,105,2259
25,2,1.49,0.29,-0.02203,17,0,503,105,2259
25,3,1.8,0.6,-0.02203,265,0,503,105,2259
25,4,2.18,0.98,-0.02203,896,0,503,105,2259
25,5,2.49,1.29,-0.02203,1588,11,503,105,2259
25,6,2.84,1.64,-0.02203,1995,0,503,105,2259
25,7,3.2,2,-0.02203,2707,2,503,105,2259
25,8,3.54,2.34,-0.02203,3966,34,503,105,2259
25,9,3.85,2.65,-0.02203,4447,21,503,105,2259
25,10,4.18,2.98,-0.02203,3594,48,503,105,2259
25,11,4.54,3.34,-0.02203,1999,0,503,105,2259
25,12,4.85,3.65,-0.02203,2885,110,503,105,2259
27,1,1.19,0,1.5039,0,0,504,135,7201
27,2,1.49,0.3,1.5039,15,0,504,135,7201
27,3,1.88,0.69,1.5039,33,0,504,135,7201
27,4,2.17,0.98,1.5039,508,1,504,135,7201
27,5,2.51,1.32,1.5039,1049,0,504,135,7201
27,6,2.82,1.63,1.5039,1459,2,504,135,7201
27,7,3.08,1.89,1.5039,1484,12,504,135,7201
27,8,3.5,2.31,1.5039,1592,75,504,135,7201
27,9,3.87,2.68,1.5039,2681,31,504,135,7201
27,10,4.17,2.98,1.5039,3492,1,504,135,7201
27,11,4.52,3.33,1.5039,2241,0,504,135,7201
27,12,4.83,3.64,1.5039,1162,17,504,135,7201
28,1,1.18,0,0.68353,17,0,504,92,4686
28,2,1.51,0.33,0.68353,92,0,504,92,4686
28,3,1.8,0.62,0.68353,292,25,504,92,4686
28,4,2.19,1.01,0.68353,698,30,504,92,4686
28,5,2.49,1.31,0.68353,1031,8,504,92,4686
28,6,2.82,1.64,0.68353,1127,0,504,92,4686
28,7,3.15,1.97,0.68353,2926,0,504,92,4686
28,8,3.51,2.33,0.68353,1909,0,504,92,4686
28,9,3.87,2.69,0.68353,2318,0,504,92,4686
28,10,4.19,3.01,0.68353,951,0,504,92,4686
28,11,4.52,3.34,0.68353,2043,0,504,92,4686
28,12,4.89,3.71,0.68353,1934,0,504,92,4686
29,1,1.22,0,0.68353,67,0,505,128,4048
29,2,1.5,0.28,0.68353,270,0,505,128,4048
29,3,1.83,0.61,0.68353,2166,0,505,128,4048
29,4,2.17,0.95,0.68353,1423,0,505,128,4048
29,5,2.5,1.28,0.68353,3114,12,505,128,4048
29,6,2.82,1.6,0.68353,2654,16,505,128,4048
29,7,3.15,1.93,0.68353,3924,35,505,128,4048
29,8,3.48,2.26,0.68353,3276,1,505,128,4048
29,9,3.84,2.62,0.68353,4440,0,505,128,4048
29,10,4.2,2.98,0.68353,3616,31,505,128,4048
29,11,4.83,3.39,0.68353,2257,7,505,128,4048
29,12,1.15,3.61,0.68353,2776,5,505,128,4048
33,1,1.46,0,-1.13778,8,0,504,102,2502
33,2,1.87,0.31,-1.13778,103,0,504,102,2502
33,3,2.14,0.72,-1.13778,514,0,504,102,2502
33,4,2.47,0.99,-1.13778,936,1,504,102,2502
33,5,2.83,1.32,-1.13778,1079,0,504,102,2502
33,6,3.18,1.68,-1.13778,1569,0,504,102,2502
33,7,3.52,2.03,-1.13778,2159,0,504,102,2502
33,8,3.84,2.37,-1.13778,1663,0,504,102,2502
33,9,4.21,2.69,-1.13778,1432,0,504,102,2502
33,10,4.55,3.06,-1.13778,1604,0,504,102,2502
33,11,4.81,3.4,-1.13778,385,0,504,102,2502
33,12,1.18,3.66,-1.13778,722,4,504,102,2502
37,1,1.53,0,-0.02203,118,0,502,118,2859
37,2,1.86,0.35,-0.02203,209,0,502,118,2859
37,3,2.14,0.68,-0.02203,390,0,502,118,2859
37,4,2.51,0.96,-0.02203,1347,0,502,118,2859
37,5,2.85,1.33,-0.02203,417,0,502,118,2859
37,6,3.19,1.67,-0.02203,1672,2,502,118,2859
37,7,3.52,2.01,-0.02203,1809,0,502,118,2859
37,8,3.88,2.34,-0.02203,1658,4,502,118,2859
37,9,4.17,2.7,-0.02203,725,0,502,118,2859
37,10,4.52,2.99,-0.02203,1521,7,502,118,2859
37,11,4.87,3.34,-0.02203,595,1,502,118,2859
37,12,1.16,3.69,-0.02203,1311,2,502,118,2859
38,1,1.49,0,0.42204,74,0,502,138,4849
38,2,1.86,0.33,0.42204,422,0,502,138,4849
38,3,2.15,0.7,0.42204,800,0,502,138,4849
38,4,2.49,0.99,0.42204,1560,0,502,138,4849
38,5,2.87,1.33,0.42204,1646,0,502,138,4849
38,6,3.16,1.71,0.42204,1834,2,502,138,4849
38,7,3.51,2,0.42204,1922,0,502,138,4849
38,8,3.87,2.35,0.42204,1761,0,502,138,4849
38,9,4.18,2.71,0.42204,2853,5,502,138,4849
38,10,4.52,3.02,0.42204,2447,2,502,138,4849
38,11,4.83,3.36,0.42204,3385,0,502,138,4849
38,12,1.27,3.67,0.42204,2050,0,502,138,4849
39,1,1.49,0,0.68353,145,0,505,122,3437
39,2,1.85,0.22,0.68353,574,13,505,122,3437
39,3,2.17,0.58,0.68353,1127,2,505,122,3437
39,4,2.5,0.9,0.68353,1497,1,505,122,3437
39,5,2.87,1.23,0.68353,1826,0,505,122,3437
39,6,3.19,1.6,0.68353,3041,0,505,122,3437
39,7,3.52,1.92,0.68353,2488,0,505,122,3437
39,8,3.86,2.25,0.68353,2283,74,505,122,3437
39,9,4.17,2.59,0.68353,3699,0,505,122,3437
39,10,4.49,2.9,0.68353,2164,14,505,122,3437
39,11,4.83,3.22,0.68353,2228,1,505,122,3437
39,12,1.24,3.56,0.68353,2773,0,505,122,3437
40,1,1.49,0,-0.37203,116,0,503,118,4218
40,2,1.86,0.25,-0.37203,197,0,503,118,4218
40,3,2.18,0.62,-0.37203,625,0,503,118,4218
40,4,2.49,0.94,-0.37203,1285,11,503,118,4218
40,5,2.86,1.25,-0.37203,1758,0,503,118,4218
40,6,3.16,1.62,-0.37203,2214,4,503,118,4218
40,7,3.48,1.92,-0.37203,1903,60,503,118,4218
40,8,3.87,2.24,-0.37203,2600,134,503,118,4218
40,9,4.19,2.63,-0.37203,2298,6,503,118,4218
40,10,4.52,2.95,-0.37203,2909,6,503,118,4218
40,11,4.9,3.28,-0.37203,5155,3,503,118,4218
40,12,1.19,3.66,-0.37203,2426,0,503,118,4218
42,1,1.52,0,-1.34287,7,0,502,111,1847
42,2,1.84,0.33,-1.34287,36,0,502,111,1847
42,3,2.17,0.65,-1.34287,184,0,502,111,1847
42,4,2.51,0.98,-1.34287,774,0,502,111,1847
42,5,2.85,1.32,-1.34287,1527,0,502,111,1847
42,6,3.23,1.66,-1.34287,1807,0,502,111,1847
42,7,3.55,2.04,-1.34287,1810,0,502,111,1847
42,8,3.84,2.36,-1.34287,1400,0,502,111,1847
42,9,4.14,2.65,-1.34287,2094,0,502,111,1847
42,10,4.79,2.95,-1.34287,1900,0,502,111,1847
42,12,1.17,3.6,-1.34287,2820,0,502,111,1847
43,1,1.54,0,-0.02203,210,22,510,131,3305
43,2,1.82,0.37,-0.02203,487,4,510,131,3305
43,3,2.17,0.65,-0.02203,747,0,510,131,3305
43,4,2.48,1,-0.02203,1205,0,510,131,3305
43,5,2.83,1.31,-0.02203,2332,2,510,131,3305
43,6,3.17,1.66,-0.02203,2352,9,510,131,3305
43,7,3.52,2,-0.02203,2073,0,510,131,3305
43,8,3.87,2.35,-0.02203,1950,12,510,131,3305
43,9,4.19,2.7,-0.02203,2115,0,510,131,3305
43,10,4.47,3.02,-0.02203,2953,25,510,131,3305
43,11,4.77,3.3,-0.02203,3022,0,510,131,3305
43,12,1.18,3.6,-0.02203,2100,0,510,131,3305
44,1,1.55,0,-0.80852,41,0,501,138,3003
44,2,1.89,0.37,-0.80852,98,0,501,138,3003
44,3,2.26,0.71,-0.80852,727,0,501,138,3003
44,4,2.54,1.08,-0.80852,1228,0,501,138,3003
44,5,2.87,1.36,-0.80852,1227,0,501,138,3003
44,6,3.2,1.69,-0.80852,1121,0,501,138,3003
44,7,3.53,2.02,-0.80852,2005,7,501,138,3003
44,8,3.85,2.35,-0.80852,2466,11,501,138,3003
44,9,4.21,2.67,-0.80852,4340,0,501,138,3003
44,10,4.48,3.03,-0.80852,2846,9,501,138,3003
44,11,4.86,3.3,-0.80852,2051,0,501,138,3003
44,12,1.19,3.68,-0.80852,3922,0,501,138,3003
45,1,1.5,0,0.68353,132,0,501,123,1859
45,2,1.83,0.31,0.68353,292,0,501,123,1859
45,3,2.17,0.64,0.68353,1211,0,501,123,1859
45,4,2.49,0.98,0.68353,2522,0,501,123,1859
45,5,2.83,1.3,0.68353,3224,3,501,123,1859
45,6,3.16,1.64,0.68353,2725,23,501,123,1859
45,7,3.49,1.97,0.68353,3481,13,501,123,1859
45,8,3.84,2.3,0.68353,3366,17,501,123,1859
45,9,4.14,2.65,0.68353,1730,0,501,123,1859
45,10,4.51,2.95,0.68353,1501,0,501,123,1859
45,11,4.84,3.32,0.68353,2864,69,501,123,1859
45,12,1.17,3.65,0.68353,2992,0,501,123,1859
47,1,1.51,0,1.5039,32,0,601,100,3590
47,2,1.86,0.34,1.5039,189,0,601,100,3590
47,3,2.17,0.69,1.5039,348,0,601,100,3590
47,4,2.51,1,1.5039,1104,1,601,100,3590
47,5,2.84,1.34,1.5039,990,0,601,100,3590
47,6,3.16,1.67,1.5039,1626,0,601,100,3590
47,7,3.51,1.99,1.5039,2924,3,601,100,3590
47,8,3.87,2.34,1.5039,1959,0,601,100,3590
47,9,4.18,2.7,1.5039,2179,0,601,100,3590
47,10,4.59,3.01,1.5039,1514,0,601,100,3590
47,11,4.83,3.42,1.5039,2725,0,601,100,3590
47,12,1.13,3.66,1.5039,2414,1,601,100,3590
48,1,1.5,0,1.5039,11,0,602,111,4150
48,2,1.81,0.37,1.5039,46,0,602,111,4150
48,3,2.22,0.68,1.5039,129,0,602,111,4150
48,4,2.54,1.09,1.5039,272,0,602,111,4150
48,5,2.86,1.41,1.5039,736,0,602,111,4150
48,6,3.15,1.73,1.5039,2668,7,602,111,4150
48,7,3.48,2.02,1.5039,2816,12,602,111,4150
48,8,3.84,2.35,1.5039,2419,9,602,111,4150
48,9,4.06,2.71,1.5039,2940,11,602,111,4150
48,10,4.5,2.93,1.5039,3032,42,602,111,4150
48,11,4.77,3.37,1.5039,2891,29,602,111,4150
48,12,1.15,3.64,1.5039,3386,4,602,111,4150
49,1,1.5,0,0.44834,0,0,600,122,3271
49,2,1.86,0.35,0.44834,40,0,600,122,3271
49,3,2.13,0.71,0.44834,323,0,600,122,3271
49,4,2.47,0.98,0.44834,572,0,600,122,3271
49,5,2.81,1.32,0.44834,918,8,600,122,3271
49,6,3.19,1.66,0.44834,1336,0,600,122,3271
49,7,3.55,2.04,0.44834,2169,7,600,122,3271
49,8,3.87,2.4,0.44834,2000,1,600,122,3271
49,9,4.25,2.72,0.44834,3002,26,600,122,3271
49,10,4.89,3.1,0.44834,2354,10,600,122,3271
49,11,1.16,3.49,0.44834,2274,13,600,122,3271
49,12,1.51,3.74,0.44834,1958,12,600,122,3271
50,1,1.82,0,-0.39833,3,0,602,97,4678
50,2,2.17,0.35,-0.39833,150,0,602,97,4678
50,3,2.51,0.66,-0.39833,598,0,602,97,4678
50,4,2.83,1.01,-0.39833,1809,2,602,97,4678
50,5,3.2,1.35,-0.39833,1973,8,602,97,4678
50,6,3.48,1.67,-0.39833,2009,1,602,97,4678
50,7,3.85,2.04,-0.39833,1013,0,602,97,4678
50,8,4.37,2.32,-0.39833,1883,1,602,97,4678
50,9,4.54,2.69,-0.39833,1725,1,602,97,4678
50,10,4.87,3.21,-0.39833,2654,8,602,97,4678
50,11,1.15,3.38,-0.39833,2303,2,602,97,4678
50,12,1.48,3.71,-0.39833,1918,1,602,97,4678
51,1,1.85,0,-0.39833,63,0,NA,NA,2793
51,2,2.15,0.33,-0.39833,112,3,NA,NA,2793
51,3,2.5,0.7,-0.39833,448,20,NA,NA,2793
51,4,2.82,1,-0.39833,693,3,NA,NA,2793
51,5,3.16,1.35,-0.39833,1580,3,NA,NA,2793
51,6,3.49,1.67,-0.39833,1971,102,NA,NA,2793
51,7,3.83,2.01,-0.39833,1740,52,NA,NA,2793
51,8,4.18,2.34,-0.39833,2017,37,NA,NA,2793
51,9,4.49,2.68,-0.39833,2646,45,NA,NA,2793
51,10,4.86,3.03,-0.39833,4179,8,NA,NA,2793
51,11,1.16,3.34,-0.39833,2228,11,NA,NA,2793
51,12,1.52,3.71,-0.39833,4050,4,NA,NA,2793
54,1,1.89,0,0.09277,244,0,602,109,4023
54,2,2.19,0.36,0.09277,551,0,602,109,4023
54,3,2.52,0.73,0.09277,781,0,602,109,4023
54,4,2.81,1.03,0.09277,2070,2,602,109,4023
54,5,3.19,1.36,0.09277,1899,0,602,109,4023
54,6,3.58,1.65,0.09277,2855,3,602,109,4023
54,7,3.89,2.03,0.09277,2892,2,602,109,4023
54,8,4.2,2.42,0.09277,2055,4,602,109,4023
54,9,3.52,2.73,0.09277,2984,0,602,109,4023
54,10,4.91,3.04,0.09277,1684,0,602,109,4023
54,11,1.19,2.36,0.09277,3688,8,602,109,4023
54,12,1.57,3.75,0.09277,3074,0,602,109,4023
55,1,1.81,0,-1.54796,155,0,NA,NA,815
55,2,2.2,0.38,-1.54796,197,0,NA,NA,815
55,3,2.48,0.62,-1.54796,425,3,NA,NA,815
55,4,2.84,1.01,-1.54796,434,0,NA,NA,815
55,5,3.15,1.29,-1.54796,426,0,NA,NA,815
55,6,3.47,1.65,-1.54796,1254,0,NA,NA,815
55,7,3.79,1.96,-1.54796,884,0,NA,NA,815
55,8,4.2,2.28,-1.54796,1996,1,NA,NA,815
55,9,4.52,2.6,-1.54796,3475,1,NA,NA,815
55,10,4.93,3.01,-1.54796,1641,4,NA,NA,815
55,11,1.16,3.33,-1.54796,2939,30,NA,NA,815
55,12,1.52,3.74,-1.54796,1223,9,NA,NA,815
58,1,1.84,0,0.42204,108,0,600,102,4275
58,2,2.15,0.36,0.42204,182,0,600,102,4275
58,3,2.47,0.68,0.42204,527,0,600,102,4275
58,4,2.8,0.99,0.42204,1779,0,600,102,4275
58,5,3.15,1.31,0.42204,1210,0,600,102,4275
58,6,3.51,1.64,0.42204,2158,0,600,102,4275
58,7,4.16,1.99,0.42204,2747,1,600,102,4275
58,8,4.53,2.35,0.42204,3143,2,600,102,4275
58,9,4.82,2.79,0.42204,3354,19,600,102,4275
58,10,1.23,3,0.42204,2380,0,600,102,4275
58,11,1.46,3.37,0.42204,2534,1,600,102,4275
58,12,1.79,3.66,0.42204,2621,2,600,102,4275
59,1,2.14,0,0.79834,242,0,NA,NA,1770
59,2,2.83,0.23,0.79834,314,0,NA,NA,1770
59,3,3.13,0.56,0.79834,200,0,NA,NA,1770
59,4,3.47,0.91,0.79834,273,0,NA,NA,1770
59,6,3.83,1.6,0.79834,790,0,NA,NA,1770
59,7,4.16,1.9,0.79834,1532,0,NA,NA,1770
59,8,4.5,2.24,0.79834,2248,0,NA,NA,1770
59,9,4.81,2.6,0.79834,2420,0,NA,NA,1770
59,10,1.17,2.93,0.79834,1627,2,NA,NA,1770
59,11,1.51,3.27,0.79834,1507,0,NA,NA,1770
59,12,1.8,3.58,0.79834,1200,3,NA,NA,1770
61,1,2.16,0,-1.87723,36,0,510,88,902
61,2,2.49,0.34,-1.87723,227,0,510,88,902
61,3,2.83,0.63,-1.87723,315,0,510,88,902
61,4,3.16,0.99,-1.87723,805,1,510,88,902
61,5,3.5,1.32,-1.87723,1252,0,510,88,902
61,6,3.81,1.66,-1.87723,2255,0,510,88,902
61,7,4.19,1.99,-1.87723,1956,8,510,88,902
61,8,4.46,2.33,-1.87723,1594,0,510,88,902
61,9,4.83,2.64,-1.87723,699,0,510,88,902
61,10,1.17,3.02,-1.87723,650,0,510,88,902
61,11,1.59,3.29,-1.87723,1059,1,510,88,902
61,12,1.85,3.66,-1.87723,2366,0,510,88,902
62,1,2.15,0,-0.37203,2,0,NA,NA,6199
62,2,2.54,0.42,-0.37203,149,0,NA,NA,6199
62,3,2.9,0.68,-0.37203,249,0,NA,NA,6199
62,4,3.28,0.98,-0.37203,623,1,NA,NA,6199
62,5,3.53,1.37,-0.37203,993,0,NA,NA,6199
62,6,3.93,1.73,-0.37203,994,0,NA,NA,6199
62,7,4.16,2.11,-0.37203,1228,5,NA,NA,6199
62,8,4.56,2.36,-0.37203,1871,5,NA,NA,6199
62,9,4.94,2.76,-0.37203,953,0,NA,NA,6199
62,10,1.19,2.99,-0.37203,1245,3,NA,NA,6199
62,11,1.46,3.39,-0.37203,2235,7,NA,NA,6199
62,12,1.84,3.77,-0.37203,1365,3,NA,NA,6199
65,1,2.15,0,0.79834,44,0,600,116,3369
65,2,2.49,0.27,0.79834,178,0,600,116,3369
65,3,2.8,0.65,0.79834,611,0,600,116,3369
65,4,3.19,0.96,0.79834,1226,26,600,116,3369
65,5,3.53,1.3,0.79834,2347,3,600,116,3369
65,6,3.85,1.61,0.79834,1915,0,600,116,3369
65,7,4.16,2,0.79834,2676,14,600,116,3369
65,8,4.55,2.34,0.79834,2225,0,600,116,3369
65,9,4.83,2.66,0.79834,2742,0,600,116,3369
65,10,1.24,2.97,0.79834,1926,0,600,116,3369
65,11,1.58,3.36,0.79834,2195,0,600,116,3369
65,12,1.93,3.64,0.79834,1059,0,600,116,3369
66,1,2.24,0,-0.39833,27,0,501,107,4000
66,2,2.58,0.34,-0.39833,584,0,501,107,4000
66,3,2.92,0.69,-0.39833,659,0,501,107,4000
66,4,3.27,1,-0.39833,854,0,501,107,4000
66,5,3.57,1.34,-0.39833,1380,0,501,107,4000
66,6,3.99,1.68,-0.39833,1766,0,501,107,4000
66,7,4.23,2.03,-0.39833,1969,1,501,107,4000
66,8,4.58,2.33,-0.39833,2666,0,501,107,4000
66,9,4.88,2.75,-0.39833,2126,0,501,107,4000
66,10,1.17,2.99,-0.39833,938,0,501,107,4000
66,11,1.51,3.34,-0.39833,645,0,501,107,4000
66,12,1.84,3.64,-0.39833,601,0,501,107,4000
68,1,2.19,0,-1.13778,23,1,503,112,1628
68,2,2.56,0.34,-1.13778,58,0,503,112,1628
68,3,2.86,0.67,-1.13778,231,0,503,112,1628
68,4,3.17,1.02,-1.13778,315,1,503,112,1628
68,5,3.54,1.39,-1.13778,1292,0,503,112,1628
68,6,3.87,1.69,-1.13778,944,0,503,112,1628
68,7,4.22,2,-1.13778,947,49,503,112,1628
68,8,4.55,2.37,-1.13778,553,0,503,112,1628
68,9,1.14,2.7,-1.13778,210,0,503,112,1628
68,10,1.48,3.05,-1.13778,810,0,503,112,1628
68,11,1.8,3.38,-1.13778,1168,0,503,112,1628
72,1,2.16,0,1.26871,0,0,510,118,5374
72,2,2.6,0.34,1.26871,12,0,510,118,5374
72,3,2.83,0.66,1.26871,126,0,510,118,5374
72,4,3.14,1.02,1.26871,733,0,510,118,5374
72,5,3.46,1.46,1.26871,1244,0,510,118,5374
72,6,3.88,1.69,1.26871,972,17,510,118,5374
72,7,4.15,2,1.26871,1797,0,510,118,5374
72,8,4.46,2.32,1.26871,1637,0,510,118,5374
72,9,4.75,2.74,1.26871,1352,0,510,118,5374
72,10,1.17,3.01,1.26871,978,11,510,118,5374
72,11,1.48,3.32,1.26871,683,0,510,118,5374
72,12,1.86,3.61,1.26871,971,3,510,118,5374
73,1,2.17,0,-1.95815,2,0,602,95,1703
73,2,2.5,0.31,-1.95815,35,0,602,95,1703
73,3,2.89,0.69,-1.95815,379,0,602,95,1703
73,4,3.19,1,-1.95815,1091,0,602,95,1703
73,5,3.52,1.33,-1.95815,1870,0,602,95,1703
73,6,3.92,1.72,-1.95815,2260,11,602,95,1703
73,7,4.27,2.02,-1.95815,1838,0,602,95,1703
73,8,4.59,2.35,-1.95815,3578,0,602,95,1703
73,9,5.03,2.75,-1.95815,3275,0,602,95,1703
73,10,1.16,3.1,-1.95815,3354,0,602,95,1703
73,11,1.48,3.42,-1.95815,2505,3,602,95,1703
73,12,1.81,3.86,-1.95815,2076,0,602,95,1703
74,1,2.17,0,0.44834,42,0,411,117,1637
74,2,2.54,0.32,0.44834,154,0,411,117,1637
74,3,2.84,0.65,0.44834,288,0,411,117,1637
74,4,3.19,1.01,0.44834,973,27,411,117,1637
74,5,3.51,1.38,0.44834,1358,1,411,117,1637
74,6,3.86,1.68,0.44834,2757,0,411,117,1637
74,7,4.18,2.03,0.44834,2094,0,411,117,1637
74,8,4.51,2.35,0.44834,2394,4,411,117,1637
74,9,4.92,2.7,0.44834,3776,0,411,117,1637
74,10,1.16,3.02,0.44834,3566,0,411,117,1637
74,11,1.49,3.35,0.44834,2967,24,411,117,1637
74,12,1.81,3.76,0.44834,5060,0,411,117,1637
75,1,2.16,0,1.5039,1,0,510,101,8015
75,2,2.49,0.33,1.5039,268,0,510,101,8015
75,3,2.87,0.65,1.5039,457,1,510,101,8015
75,4,3.2,1,1.5039,2556,4,510,101,8015
75,5,3.52,1.33,1.5039,2447,10,510,101,8015
75,6,3.85,1.71,1.5039,3637,0,510,101,8015
75,7,4.22,2.04,1.5039,3847,42,510,101,8015
75,8,4.52,2.36,1.5039,3622,1,510,101,8015
75,9,4.85,2.69,1.5039,3053,5,510,101,8015
75,10,1.18,3.06,1.5039,2757,67,510,101,8015
75,11,1.51,3.36,1.5039,5033,48,510,101,8015
75,12,1.84,3.69,1.5039,2735,149,510,101,8015
77,1,2.21,0,-2.28741,19,0,510,95,8015
77,2,2.49,0.33,-2.28741,36,3,510,95,698
77,3,2.81,0.66,-2.28741,135,0,510,95,698
77,4,3.19,1.03,-2.28741,295,1,510,95,698
77,5,3.5,1.31,-2.28741,674,0,510,95,698
77,6,3.81,1.63,-2.28741,895,0,510,95,698
77,7,4.2,2.01,-2.28741,1543,40,510,95,698
77,8,4.55,2.32,-2.28741,359,0,510,95,698
77,9,4.86,2.63,-2.28741,921,4,510,95,698
77,10,1.2,3.02,-2.28741,2338,1,510,95,698
77,11,1.52,3.37,-2.28741,1051,1,510,95,698
77,12,1.87,3.68,-2.28741,2134,0,510,95,698
78,1,2.17,0,0.09277,1,0,601,108,4505
78,2,2.5,0.32,0.09277,11,0,601,108,4505
78,3,2.84,0.67,0.09277,13,0,601,108,4505
78,4,3.19,0.97,0.09277,4,0,601,108,4505
78,5,3.59,1.3,0.09277,128,0,601,108,4505
78,6,3.86,1.64,0.09277,268,0,601,108,4505
78,7,4.24,1.99,0.09277,643,0,601,108,4505
78,8,4.51,2.39,0.09277,920,0,601,108,4505
78,9,4.92,2.66,0.09277,867,0,601,108,4505
78,10,1.19,3.04,0.09277,824,0,601,108,4505
78,11,1.53,3.31,0.09277,593,0,601,108,4505
78,12,2.18,3.72,0.09277,980,0,601,108,4505
79,1,2.5,0,0.68353,21,0,511,112,3956
79,2,2.8,0.34,0.68353,115,0,511,112,3956
79,4,3.3,0.99,0.68353,2233,0,511,112,3956
79,5,3.49,1.31,0.68353,2298,0,511,112,3956
79,6,3.86,1.61,0.68353,2971,0,511,112,3956
79,7,4.2,2.11,0.68353,2577,26,511,112,3956
79,8,4.52,2.3,0.68353,2485,10,511,112,3956
79,9,4.85,2.67,0.68353,2747,4,511,112,3956
79,10,1.2,3.01,0.68353,2868,0,511,112,3956
79,11,1.55,3.33,0.68353,1986,25,511,112,3956
79,12,1.81,3.66,0.68353,2321,4,511,112,3956
80,1,2.19,0,-1.13778,40,0,509,123,1168
80,2,2.49,0.35,-1.13778,105,0,509,123,1168
80,3,2.87,0.61,-1.13778,399,0,509,123,1168
80,4,3.24,0.99,-1.13778,162,0,509,123,1168
80,5,3.63,1.29,-1.13778,588,0,509,123,1168
80,6,3.92,1.67,-1.13778,448,3,509,123,1168
80,7,4.22,2.04,-1.13778,1323,9,509,123,1168
80,8,4.52,2.43,-1.13778,1272,1,509,123,1168
80,9,4.98,2.72,-1.13778,2417,0,509,123,1168
80,10,1.2,3.02,-1.13778,2850,2,509,123,1168
80,11,1.47,3.32,-1.13778,396,1,509,123,1168
80,12,1.81,3.78,-1.13778,842,0,509,123,1168
81,1,2.49,0,-1.54796,16,0,509,109,177
81,2,2.84,0.27,-1.54796,72,0,509,109,177
81,3,3.17,0.61,-1.54796,217,0,509,109,177
81,5,3.51,1.29,-1.54796,1125,5,509,109,177
81,6,3.83,1.64,-1.54796,776,0,509,109,177
81,7,4.19,1.97,-1.54796,1174,0,509,109,177
81,8,4.56,2.31,-1.54796,1989,11,509,109,177
81,9,4.8,2.63,-1.54796,1264,12,509,109,177
81,10,1.13,2.99,-1.54796,1559,0,509,109,177
81,11,1.48,3.36,-1.54796,954,0,509,109,177
81,12,1.82,3.6,-1.54796,976,0,509,109,177
82,1,2.17,0,-1.46704,151,0,511,110,2836
82,2,2.63,0.35,-1.46704,239,0,511,110,2836
82,3,2.89,0.69,-1.46704,846,0,511,110,2836
82,4,3.15,1.04,-1.46704,1519,3,511,110,2836
82,5,3.52,1.5,-1.46704,2163,0,511,110,2836
82,6,3.81,1.76,-1.46704,2326,10,511,110,2836
82,7,4.16,2.02,-1.46704,2972,19,511,110,2836
82,8,4.48,2.39,-1.46704,2038,62,511,110,2836
82,9,4.8,2.68,-1.46704,2499,1,511,110,2836
82,10,1.19,3.03,-1.46704,1459,1,511,110,2836
82,11,1.49,3.35,-1.46704,1476,0,511,110,2836
82,12,1.87,3.67,-1.46704,3087,70,511,110,2836
84,1,2.18,0,0.27334,36,0,600,109,4376
84,2,2.51,0.3,0.27334,28,0,600,109,4376
84,3,2.84,0.68,0.27334,107,0,600,109,4376
84,4,3.2,0.99,0.27334,213,0,600,109,4376
84,5,3.5,1.32,0.27334,315,0,600,109,4376
84,6,3.81,1.65,0.27334,1497,0,600,109,4376
84,7,4.17,2.01,0.27334,1428,1,600,109,4376
84,8,4.5,2.31,0.27334,1770,3,600,109,4376
84,9,4.83,2.62,0.27334,1990,4,600,109,4376
84,10,1.15,2.98,0.27334,3126,0,600,109,4376
84,11,1.53,3.31,0.27334,2434,5,600,109,4376
84,12,1.86,3.64,0.27334,2112,11,600,109,4376
85,1,2.17,0,-1.13778,17,0,509,98,6601
85,2,2.49,0.38,-1.13778,145,0,509,98,6601
85,3,2.84,0.71,-1.13778,467,6,509,98,6601
85,4,3.2,1.02,-1.13778,781,1,509,98,6601
85,5,3.5,1.34,-1.13778,905,20,509,98,6601
85,6,3.86,1.69,-1.13778,1271,1,509,98,6601
85,7,4.21,2.05,-1.13778,1042,0,509,98,6601
85,8,4.52,2.35,-1.13778,1247,0,509,98,6601
85,9,4.89,2.71,-1.13778,740,13,509,98,6601
85,10,1.18,3.06,-1.13778,2343,1,509,98,6601
85,11,1.45,3.37,-1.13778,1747,30,509,98,6601
85,12,2.16,3.74,-1.13778,2398,0,509,98,6601
87,1,2.52,0,-0.23649,0,0,601,102,1395
87,2,2.9,0.27,-0.23649,31,0,601,102,1395
87,4,3.15,0.98,-0.23649,266,0,601,102,1395
87,5,3.47,1.34,-0.23649,699,8,601,102,1395
87,6,3.81,1.72,-0.23649,844,0,601,102,1395
87,7,4.52,1.97,-0.23649,940,1,601,102,1395
87,8,4.86,2.29,-0.23649,1780,6,601,102,1395
87,9,1.17,2.63,-0.23649,1697,0,601,102,1395
87,10,1.52,2.96,-0.23649,998,3,601,102,1395
87,11,1.86,3.34,-0.23649,667,5,601,102,1395
87,12,2.19,3.68,-0.23649,1876,1,601,102,1395
88,1,2.51,0,1.26871,29,0,511,105,2615
88,2,2.84,0.35,1.26871,182,0,511,105,2615
88,3,3.17,0.69,1.26871,324,0,511,105,2615
88,4,3.52,1.02,1.26871,1130,0,511,105,2615
88,5,3.87,1.34,1.26871,1151,3,511,105,2615
88,6,4.17,1.67,1.26871,1675,0,511,105,2615
88,7,4.51,2,1.26871,2229,1,511,105,2615
88,8,4.84,2.35,1.26871,1533,15,511,105,2615
88,9,1.18,2.7,1.26871,602,0,511,105,2615
88,10,1.55,3,1.26871,713,0,511,105,2615
88,11,1.86,3.34,1.26871,1304,7,511,105,2615
88,12,2.18,3.67,1.26871,1056,2,511,105,2615
89,1,2.55,0,-0.39833,7,0,504,106,779
89,2,2.95,0.37,-0.39833,145,0,504,106,779
89,3,3.22,0.68,-0.39833,1120,8,504,106,779
89,4,3.52,1,-0.39833,2010,0,504,106,779
89,5,3.9,1.37,-0.39833,1210,1,504,106,779
89,6,4.23,1.77,-0.39833,1336,0,504,106,779
89,7,4.9,2.04,-0.39833,1417,5,504,106,779
89,8,1.14,2.34,-0.39833,1929,22,504,106,779
89,9,1.48,2.72,-0.39833,2244,0,504,106,779
89,10,1.88,3.05,-0.39833,1745,174,504,106,779
89,12,2.16,3.72,-0.39833,1922,0,504,106,779
92,1,2.49,0,0.68353,11,0,511,106,4073
92,2,2.84,0.34,0.68353,492,41,511,106,4073
92,3,3.14,0.74,0.68353,778,0,511,106,4073
92,4,3.5,1.02,0.68353,1827,28,511,106,4073
92,5,3.81,1.35,0.68353,2211,51,511,106,4073
92,6,4.24,1.7,0.68353,2857,0,511,106,4073
92,7,4.48,2,0.68353,2448,0,511,106,4073
92,8,4.86,2.36,0.68353,3717,0,511,106,4073
92,9,1.21,2.67,0.68353,3849,24,511,106,4073
92,10,1.51,3.1,0.68353,4113,50,511,106,4073
92,11,1.87,3.34,0.68353,4503,0,511,106,4073
92,12,2.21,3.72,0.68353,2811,0,511,106,4073
100,1,2.54,0,0.44834,131,0,600,103,3769
100,2,2.86,0.3,0.44834,457,0,600,103,3769
100,3,3.19,0.66,0.44834,1035,0,600,103,3769
100,4,3.51,1,0.44834,1341,0,600,103,3769
100,5,3.84,1.33,0.44834,2155,3,600,103,3769
100,6,4.16,1.65,0.44834,1427,0,600,103,3769
100,7,4.55,1.98,0.44834,2783,0,600,103,3769
100,8,4.8,2.3,0.44834,3017,3,600,103,3769
100,9,1.2,2.63,0.44834,2955,0,600,103,3769
100,10,1.5,2.95,0.44834,2255,9,600,103,3769
100,11,1.86,3.34,0.44834,3377,1,600,103,3769
100,12,2.19,3.59,0.44834,2904,0,600,103,3769
102,1,2.51,0,-1.05686,1,0,601,118,4389
102,2,2.85,0.3,-1.05686,205,0,601,118,4389
102,3,3.18,0.66,-1.05686,139,0,601,118,4389
102,4,3.54,0.99,-1.05686,365,10,601,118,4389
102,5,3.8,1.31,-1.05686,1111,0,601,118,4389
102,6,4.16,1.65,-1.05686,1253,0,601,118,4389
102,7,4.46,1.98,-1.05686,1335,4,601,118,4389
102,8,4.81,2.34,-1.05686,2154,0,601,118,4389
102,9,1.17,2.6,-1.05686,1929,0,601,118,4389
102,10,1.49,2.96,-1.05686,2195,0,601,118,4389
102,11,1.84,3.26,-1.05686,1829,28,601,118,4389
102,12,2.18,3.61,-1.05686,1381,3,601,118,4389
103,1,2.49,0,-0.02203,165,1,509,119,4372
103,2,2.85,0.32,-0.02203,563,0,509,119,4372
103,3,3.21,0.67,-0.02203,1073,0,509,119,4372
103,4,3.5,1.01,-0.02203,2340,0,509,119,4372
103,5,3.85,1.32,-0.02203,2254,0,509,119,4372
103,6,4.17,1.68,-0.02203,2382,0,509,119,4372
103,7,4.48,2.04,-0.02203,2305,1,509,119,4372
103,8,4.86,2.33,-0.02203,1860,0,509,119,4372
103,9,1.17,2.68,-0.02203,1978,0,509,119,4372
103,10,1.48,3,-0.02203,2886,0,509,119,4372
103,11,1.84,3.31,-0.02203,995,0,509,119,4372
103,12,2.17,3.69,-0.02203,2794,14,509,119,4372
105,1,2.49,0.053,-0.02203,21,0,600,113,3885
105,2,2.82,0.363,-0.02203,340,0,600,113,3885
105,3,3.19,0.723,-0.02203,477,6,600,113,3885
105,4,3.57,1.053,-0.02203,710,0,600,113,3885
105,5,3.86,1.373,-0.02203,1193,0,600,113,3885
105,6,4.26,1.703,-0.02203,1557,0,600,113,3885
105,7,4.54,2.073,-0.02203,1849,57,600,113,3885
105,8,4.95,2.453,-0.02203,1208,0,600,113,3885
105,9,1.2,2.743,-0.02203,1124,2,600,113,3885
105,10,1.51,3.143,-0.02203,1649,5,600,113,3885
105,11,1.84,3.423,-0.02203,904,6,600,113,3885
105,12,2.52,3.833,-0.02203,2059,8,600,113,3885
106,1,2.85,0,0.79834,62,0,500,121,4918
106,2,3.17,0.31,0.79834,174,0,500,121,4918
106,3,3.52,0.64,0.79834,453,0,500,121,4918
106,5,3.78,1.32,0.79834,1149,0,500,121,4918
106,6,4.22,1.65,0.79834,1250,0,500,121,4918
106,7,4.55,1.97,0.79834,1136,2,500,121,4918
106,8,4.88,2.32,0.79834,826,0,500,121,4918
106,9,1.18,2.58,0.79834,903,0,500,121,4918
106,10,1.51,3.02,0.79834,1711,2,500,121,4918
106,11,1.83,3.35,0.79834,1921,2,500,121,4918
106,12,2.18,3.68,0.79834,1193,0,500,121,4918
108,1,2.51,0,-1.01361,33,0,NA,NA,2919
108,2,2.85,0.33,-1.01361,86,0,NA,NA,2919
108,3,3.18,0.65,-1.01361,819,0,NA,NA,2919
108,4,3.54,1,-1.01361,1763,0,NA,NA,2919
108,5,3.86,1.33,-1.01361,1836,1,NA,NA,2919
108,6,4.27,1.67,-1.01361,1442,0,NA,NA,2919
108,7,4.44,2,-1.01361,2868,3,NA,NA,2919
108,8,4.95,2.36,-1.01361,1782,4,NA,NA,2919
108,9,1.2,2.68,-1.01361,1657,0,NA,NA,2919
108,10,1.49,3.09,-1.01361,1613,0,NA,NA,2919
108,11,1.83,3.26,-1.01361,2660,1,NA,NA,2919
108,12,2.22,3.77,-1.01361,1192,13,NA,NA,2919
109,1,2.54,0,-0.02203,4,0,510,97,3947
109,2,2.83,0.29,-0.02203,6,0,510,97,3947
109,3,3.21,0.63,-0.02203,3,0,510,97,3947
109,4,3.5,1.02,-0.02203,57,0,510,97,3947
109,5,3.85,1.34,-0.02203,447,0,510,97,3947
109,6,4.17,1.63,-0.02203,508,0,510,97,3947
109,7,4.51,2.01,-0.02203,1800,0,510,97,3947
109,8,4.9,2.3,-0.02203,1582,0,510,97,3947
109,9,1.16,2.65,-0.02203,2796,0,510,97,3947
109,10,1.5,2.97,-0.02203,2959,1,510,97,3947
109,11,1.81,3.31,-0.02203,1346,10,510,97,3947
109,12,2.17,3.7,-0.02203,2160,1,510,97,3947
119,1,2.51,0,1.26871,7,0,505,133,5226
119,2,2.84,0.34,1.26871,92,0,505,133,5226
119,3,3.26,0.65,1.26871,357,0,505,133,5226
119,4,3.53,1.01,1.26871,1004,0,505,133,5226
119,5,3.88,1.35,1.26871,1326,2,505,133,5226
119,6,4.2,1.68,1.26871,1314,2,505,133,5226
119,7,4.56,2.1,1.26871,1762,9,505,133,5226
119,8,4.89,2.37,1.26871,1346,4,505,133,5226
119,9,1.23,2.72,1.26871,2212,1,505,133,5226
119,10,1.55,3.04,1.26871,1808,0,505,133,5226
119,11,1.84,3.4,1.26871,2067,2,505,133,5226
119,12,2.22,3.73,1.26871,2348,0,505,133,5226
125,1,2.51,0,1.5039,7,0,506,119,658
125,2,2.87,0.32,1.5039,177,0,506,119,658
125,3,3.21,0.61,1.5039,441,0,506,119,658
125,4,3.53,0.99,1.5039,1163,0,506,119,658
125,5,3.87,1.28,1.5039,1874,0,506,119,658
125,6,4.18,1.64,1.5039,2437,0,506,119,658
125,7,4.57,1.98,1.5039,1598,0,506,119,658
125,8,4.84,2.3,1.5039,796,6,506,119,658
125,9,1.34,2.64,1.5039,922,0,506,119,658
125,10,1.53,2.95,1.5039,1858,0,506,119,658
125,11,1.84,3.34,1.5039,1819,0,506,119,658
125,12,2.15,3.61,1.5039,827,0,506,119,658
127,1,2.51,0,-0.02203,381,0,508,137,2652
127,2,2.84,0.19,-0.02203,205,0,508,137,2652
127,3,3.16,0.5,-0.02203,514,0,508,137,2652
127,4,3.51,0.81,-0.02203,795,0,508,137,2652
127,5,3.83,1.17,-0.02203,608,2,508,137,2652
127,6,4.18,1.5,-0.02203,909,0,508,137,2652
127,7,4.52,1.82,-0.02203,1689,45,508,137,2652
127,8,4.9,2.17,-0.02203,1964,0,508,137,2652
127,9,1.24,2.49,-0.02203,1071,6,508,137,2652
127,10,1.51,2.84,-0.02203,2064,12,508,137,2652
127,11,1.83,3.18,-0.02203,1495,0,508,137,2652
127,12,2.18,3.56,-0.02203,1171,5,508,137,2652
